Sender,Receiver,Token Amount,Token,Token USD Value,Time,,Value on,IOT Value,HNT Value,
"My helium wallet
9kPyXLKUX...6dsDwfmr",Bryan Nicholson,2402.24,IOT,$1.32 ,2023-12-04 at 05:31PM,,12/4/2023,$0.00 ,$2.97 ,
"My helium wallet
9kPyXLKUX...6dsDwfmr",Jason Ruggles,0.47,HNT,$1.40 ,2023-12-04 at 05:30PM,,11/2/2023,$0.00 ,$1.50 ,
"My helium wallet
9kPyXLKUX...6dsDwfmr",Dakota Chiarella,0.78,HNT,$2.32 ,2023-12-04 at 05:30PM,,10/5/2023,$0.00 ,$1.40 ,
"My helium wallet
9kPyXLKUX...6dsDwfmr",Brad Ruggles,0.17,HNT,$0.50 ,2023-12-04 at 05:30PM,,9/5/2023,$0.00 ,$1.53 ,
"My helium wallet
9kPyXLKUX...6dsDwfmr",Dan Cole,0.08,HNT,$0.24 ,2023-12-04 at 05:29PM,,8/3/2023,$0.00 ,$1.85 ,
"My helium wallet
9kPyXLKUX...6dsDwfmr",Dan Chiarella,1.08,HNT,$3.21 ,2023-12-04 at 05:29PM,,7/1/2023,$0.00 ,$1.39 ,
"My helium wallet
9kPyXLKUX...6dsDwfmr",Cathy Davis,0.03,HNT,$0.09 ,2023-12-04 at 05:29PM,,6/6/2023,$0.00 ,$1.42 ,
"My helium wallet
9kPyXLKUX...6dsDwfmr",Adam Van Bibber,1.11,HNT,$3.30 ,2023-12-04 at 05:29PM,,5/4/2023,$0.00 ,$1.58 ,
"My helium wallet
9kPyXLKUX...6dsDwfmr",Kevin Conrad,0.10,HNT,$0.30 ,2023-12-04 at 05:29PM,,4/5/2023,$0.00 ,$1.37 ,
"My helium wallet
9kPyXLKUX...6dsDwfmr",Lindsey Lopez,0.66,HNT,$1.96 ,2023-12-04 at 05:29PM,,3/5/2023,,$2.41 ,
"My helium wallet
9kPyXLKUX...6dsDwfmr",Kesha Bailey,1.70,HNT,$5.05 ,2023-12-04 at 05:28PM,,2/5/2023,,$2.87 ,
"My helium wallet
9kPyXLKUX...6dsDwfmr",Paul Robison,0.53,HNT,$1.57 ,2023-12-04 at 05:28PM,,1/5/2023,,$1.75 ,
"My helium wallet
9kPyXLKUX...6dsDwfmr",Scott Rice,0.46,HNT,$1.37 ,2023-12-04 at 05:28PM,,,,,
"My helium wallet
9kPyXLKUX...6dsDwfmr",Matt Gaylor,1.88,HNT,$5.58 ,2023-12-04 at 05:28PM,,,,,
"My helium wallet
9kPyXLKUX...6dsDwfmr",Robert Orr,0.99,HNT,$2.94 ,2023-12-04 at 05:28PM,,,,,
"My helium wallet
9kPyXLKUX...6dsDwfmr",Doug Brannies,0.97,HNT,$2.88 ,2023-12-04 at 05:28PM,,,,,
"My helium wallet
9kPyXLKUX...6dsDwfmr","Brad Ruggles
",0.20,HNT,$0.30 ,2023-11-02 at 10:26PM,,,,,
"My helium wallet
9kPyXLKUX...6dsDwfmr",Doug Brannies,1.06,HNT,$1.59 ,2023-11-02 at 10:26PM,,,,,
"My helium wallet
9kPyXLKUX...6dsDwfmr",Dakota Chiarella,0.73,HNT,$1.10 ,2023-11-02 at 10:25PM,,,,,
"My helium wallet
9kPyXLKUX...6dsDwfmr",Dan Cole,0.09,HNT,$0.14 ,2023-11-02 at 10:25PM,,,,,
"My helium wallet
9kPyXLKUX...6dsDwfmr",Lindsey Lopez,0.69,HNT,$1.04 ,2023-11-02 at 10:25PM,,,,,
"My helium wallet
9kPyXLKUX...6dsDwfmr",Bob Tilden,0.42,HNT,$0.63 ,2023-11-02 at 10:24PM,,,,,
"My helium wallet
9kPyXLKUX...6dsDwfmr",Jason Ruggles,0.38,HNT,$0.57 ,2023-11-02 at 10:24PM,,,,,
"My helium wallet
9kPyXLKUX...6dsDwfmr",Dan Chiarella,1.33,HNT,$2.00 ,2023-11-02 at 10:24PM,,,,,
"My helium wallet
9kPyXLKUX...6dsDwfmr",Kevin Conrad,0.09,HNT,$0.14 ,2023-11-02 at 10:23PM,,,,,
"My helium wallet
9kPyXLKUX...6dsDwfmr",Adam Van Bibber,1.10,HNT,$1.65 ,2023-11-02 at 10:23PM,,,,,
"My helium wallet
9kPyXLKUX...6dsDwfmr",Robert Orr,1.20,HNT,$1.80 ,2023-11-02 at 10:22PM,,,,,
"My helium wallet
9kPyXLKUX...6dsDwfmr",Bryan Nicholson,0.75,HNT,$1.13 ,2023-11-02 at 10:22PM,,,,,
"My helium wallet
9kPyXLKUX...6dsDwfmr",Cathy Davis,0.04,HNT,$0.06 ,2023-11-02 at 10:22PM,,,,,
"My helium wallet
9kPyXLKUX...6dsDwfmr",Scott Rice,0.43,HNT,$0.65 ,2023-11-02 at 10:21PM,,,,,
"My helium wallet
9kPyXLKUX...6dsDwfmr",Matt Gaylor,1.98,HNT,$2.97 ,2023-11-02 at 09:37PM,,,,,
"My helium wallet
9kPyXLKUX...6dsDwfmr",Kesha Bailey,1.62,HNT,$2.43 ,2023-11-02 at 09:36PM,,,,,
"My helium wallet
9kPyXLKUX...6dsDwfmr",Paul Robison,0.44,HNT,$0.66 ,2023-11-02 at 09:36PM,,,,,
"My helium wallet
9kPyXLKUX...6dsDwfmr",Brad Ruggles,0.18,HNT,$0.25 ,2023-10-05 at 03:27AM,,,,,
"My helium wallet
9kPyXLKUX...6dsDwfmr",Doug Brannies,1.09,HNT,$1.53 ,2023-10-05 at 03:27AM,,,,,
"My helium wallet
9kPyXLKUX...6dsDwfmr",Jason Ruggles,0.39,HNT,$0.55 ,2023-10-05 at 03:27AM,,,,,
"My helium wallet
9kPyXLKUX...6dsDwfmr",Bob Tilden,0.70,HNT,$0.98 ,2023-10-05 at 03:27AM,,,,,
"My helium wallet
9kPyXLKUX...6dsDwfmr",Adam Van Bibber,1.15,HNT,$1.61 ,2023-10-05 at 03:27AM,,,,,
"My helium wallet
9kPyXLKUX...6dsDwfmr",Dakota Chiarella,0.81,HNT,$1.13 ,2023-10-05 at 03:27AM,,,,,
"My helium wallet
9kPyXLKUX...6dsDwfmr",Dan Cole,0.05,HNT,$0.07 ,2023-10-05 at 03:27AM,,,,,
"My helium wallet
9kPyXLKUX...6dsDwfmr",Lindsey Lopez,0.70,HNT,$0.98 ,2023-10-05 at 03:26AM,,,,,
"My helium wallet
9kPyXLKUX...6dsDwfmr",Robert Orr,1.18,HNT,$1.65 ,2023-10-05 at 03:26AM,,,,,
"My helium wallet
9kPyXLKUX...6dsDwfmr",Kevin Conrad,0.05,HNT,$0.07 ,2023-10-05 at 03:26AM,,,,,
"My helium wallet
9kPyXLKUX...6dsDwfmr",Scott Boas,1.10,HNT,$1.54 ,2023-10-05 at 03:26AM,,,,,
"My helium wallet
9kPyXLKUX...6dsDwfmr",Cathy Davis,0.02,HNT,$0.03 ,2023-10-05 at 03:26AM,,,,,
"My helium wallet
9kPyXLKUX...6dsDwfmr",Bryan Nicholson,0.62,HNT,$0.87 ,2023-10-05 at 03:26AM,,,,,
"My helium wallet
9kPyXLKUX...6dsDwfmr",Dan Chiarella,1.53,HNT,$2.14 ,2023-10-05 at 03:26AM,,,,,
"My helium wallet
9kPyXLKUX...6dsDwfmr",Matt Gaylor,1.86,HNT,$2.60 ,2023-10-05 at 03:26AM,,,,,
"My helium wallet
9kPyXLKUX...6dsDwfmr",Kesha Bailey,1.45,HNT,$2.03 ,2023-10-05 at 03:26AM,,,,,
"My helium wallet
9kPyXLKUX...6dsDwfmr",Paul Robison,0.40,HNT,$0.56 ,2023-10-05 at 03:26AM,,,,,
"My helium wallet
9kPyXLKUX...6dsDwfmr",Robert Orr,1.18,HNT,$1.65 ,2023-10-05 at 03:26AM,,,,,
"My helium wallet
9kPyXLKUX...6dsDwfmr",Bob Tilden,6.95,HNT,$10.63 ,2023-09-07 at 08:24PM,,,,,
"My helium wallet
9kPyXLKUX...6dsDwfmr",Bob Tilden,12.71,HNT,$19.45 ,2023-09-05 at 02:22AM,,,,,
"My helium wallet
9kPyXLKUX...6dsDwfmr",Dakota Chiarella,1.40,HNT,$2.59 ,2023-08-03 at 05:36PM,,,,,
"My helium wallet
9kPyXLKUX...6dsDwfmr",Doug Brannies,2.00,HNT,$3.70 ,2023-08-03 at 05:36PM,,,,,
"My helium wallet
9kPyXLKUX...6dsDwfmr",Adam Van Bibber,2.36,HNT,$4.37 ,2023-08-03 at 05:35PM,,,,,
"My helium wallet
9kPyXLKUX...6dsDwfmr",Bryan Nicholson,1.08,HNT,$2.00 ,2023-08-03 at 05:35PM,,,,,
"My helium wallet
9kPyXLKUX...6dsDwfmr",Matt Gaylor,3.32,HNT,$6.14 ,2023-08-03 at 05:35PM,,,,,
"My helium wallet
9kPyXLKUX...6dsDwfmr",Brad Ruggles,0.53,HNT,$0.98 ,2023-08-03 at 05:34PM,,,,,
"My helium wallet
9kPyXLKUX...6dsDwfmr",Lindsey Lopez,1.43,HNT,$2.65 ,2023-08-03 at 05:34PM,,,,,
"My helium wallet
9kPyXLKUX...6dsDwfmr",Scott Boas,2.13,HNT,$3.94 ,2023-08-03 at 05:34PM,,,,,
"My helium wallet
9kPyXLKUX...6dsDwfmr",Cathy Davis,0.04,HNT,$0.07 ,2023-08-03 at 05:33PM,,,,,
"My helium wallet
9kPyXLKUX...6dsDwfmr",Paul Robison,0.74,HNT,$1.37 ,2023-08-03 at 05:33PM,,,,,
"My helium wallet
9kPyXLKUX...6dsDwfmr",Robert Orr,2.04,HNT,$3.77 ,2023-08-03 at 05:33PM,,,,,
"My helium wallet
9kPyXLKUX...6dsDwfmr",Scott Rice,0.56,HNT,$1.04 ,2023-08-03 at 05:32PM,,,,,
"My helium wallet
9kPyXLKUX...6dsDwfmr",Dan Cole,0.08,HNT,$0.15 ,2023-08-03 at 05:32PM,,,,,
"My helium wallet
9kPyXLKUX...6dsDwfmr",Dan Chiarella,2.59,HNT,$4.79 ,2023-08-03 at 05:32PM,,,,,
"My helium wallet
9kPyXLKUX...6dsDwfmr",Jason Ruggles,0.52,HNT,$0.96 ,2023-08-03 at 05:31PM,,,,,
"My helium wallet
9kPyXLKUX...6dsDwfmr",Kevin Conrad,0.04,HNT,$0.07 ,2023-08-03 at 05:31PM,,,,,
"My helium wallet
9kPyXLKUX...6dsDwfmr",Kesha Bailey,2.68,HNT,$4.96 ,2023-08-03 at 05:31PM,,,,,
"My helium wallet
9kPyXLKUX...6dsDwfmr",Bryan Nicholson,6059.31,IOT,$2.00 ,2023-07-01 at 05:08PM,,,,,
"My helium wallet
9kPyXLKUX...6dsDwfmr",Dan Cole,0.12,HNT,$0.17 ,2023-07-01 at 05:08PM,,,,,
"My helium wallet
9kPyXLKUX...6dsDwfmr",Doug Brannies,1.47,HNT,$2.04 ,2023-07-01 at 05:07PM,,,,,
"My helium wallet
9kPyXLKUX...6dsDwfmr",Dakota Chiarella,1.20,HNT,$1.67 ,2023-07-01 at 05:07PM,,,,,
"My helium wallet
9kPyXLKUX...6dsDwfmr",Scott Rice,0.51,HNT,$0.71 ,2023-07-01 at 05:07PM,,,,,
"My helium wallet
9kPyXLKUX...6dsDwfmr",Jason Ruggles,0.41,HNT,$0.57 ,2023-07-01 at 05:06PM,,,,,
"My helium wallet
9kPyXLKUX...6dsDwfmr",Lindsey Lopez,1.28,HNT,$1.78 ,2023-07-01 at 05:06PM,,,,,
"My helium wallet
9kPyXLKUX...6dsDwfmr",Adam Van Bibber,1.71,HNT,$2.38 ,2023-07-01 at 05:05PM,,,,,
"My helium wallet
9kPyXLKUX...6dsDwfmr",Kevin Conrad,0.13,HNT,$0.18 ,2023-07-01 at 05:05PM,,,,,
"My helium wallet
9kPyXLKUX...6dsDwfmr",Dan Chiarella,1.74,HNT,$2.42 ,2023-07-01 at 05:05PM,,,,,
"My helium wallet
9kPyXLKUX...6dsDwfmr",Kesha Bailey,2.12,HNT,$2.95 ,2023-07-01 at 05:05PM,,,,,
"My helium wallet
9kPyXLKUX...6dsDwfmr",Robert Orr,1.61,HNT,$2.24 ,2023-07-01 at 05:04PM,,,,,
"My helium wallet
9kPyXLKUX...6dsDwfmr",Scott Boas,0.81,HNT,$1.13 ,2023-07-01 at 05:04PM,,,,,
"My helium wallet
9kPyXLKUX...6dsDwfmr",Cathy Davis,0.04,HNT,$0.06 ,2023-07-01 at 05:04PM,,,,,
"My helium wallet
9kPyXLKUX...6dsDwfmr",Matt Gaylor,2.63,HNT,$3.66 ,2023-07-01 at 05:04PM,,,,,
"My helium wallet
9kPyXLKUX...6dsDwfmr",Paul Robison,0.94,HNT,$1.31 ,2023-07-01 at 05:03PM,,,,,
"My helium wallet
9kPyXLKUX...6dsDwfmr",Brad Ruggles,0.42,HNT,$0.58 ,2023-07-01 at 05:03PM,,,,,
"My helium wallet
9kPyXLKUX...6dsDwfmr",Kesha Bailey,1.95,HNT,$2.77 ,2023-06-07 at 01:43AM,,,,,
"My helium wallet
9kPyXLKUX...6dsDwfmr",Bryan Nicholson,6369.16,IOT,$1.78 ,2023-06-06 at 02:10AM,,,,,
"My helium wallet
9kPyXLKUX...6dsDwfmr",Brad Ruggles,0.35,HNT,$0.50 ,2023-06-06 at 02:10AM,,,,,
"My helium wallet
9kPyXLKUX...6dsDwfmr",Doug Brannies,1.31,HNT,$1.86 ,2023-06-06 at 02:10AM,,,,,
"My helium wallet
9kPyXLKUX...6dsDwfmr",Dan Cole,0.12,HNT,$0.17 ,2023-06-06 at 02:09AM,,,,,
"My helium wallet
9kPyXLKUX...6dsDwfmr",Jason Ruggles,0.50,HNT,$0.71 ,2023-06-06 at 02:08AM,,,,,
"My helium wallet
9kPyXLKUX...6dsDwfmr",Lindsey Lopez,1.13,HNT,$1.60 ,2023-06-06 at 02:08AM,,,,,
"My helium wallet
9kPyXLKUX...6dsDwfmr",Adam Van Bibber,1.59,HNT,$2.26 ,2023-06-06 at 02:07AM,,,,,
"My helium wallet
9kPyXLKUX...6dsDwfmr",Kevin Conrad,0.12,HNT,$0.17 ,2023-06-06 at 02:07AM,,,,,
"My helium wallet
9kPyXLKUX...6dsDwfmr",Dan Chiarella,1.68,HNT,$2.39 ,2023-06-06 at 02:06AM,,,,,
"My helium wallet
9kPyXLKUX...6dsDwfmr",Scott Boas,1.19,HNT,$1.69 ,2023-06-06 at 02:06AM,,,,,
"My helium wallet
9kPyXLKUX...6dsDwfmr",Cathy Davis,0.06,HNT,$0.09 ,2023-06-06 at 02:05AM,,,,,
"My helium wallet
9kPyXLKUX...6dsDwfmr",Paul Robison,0.92,HNT,$1.31 ,2023-06-06 at 02:05AM,,,,,
"My helium wallet
9kPyXLKUX...6dsDwfmr",Robert Orr,1.28,HNT,$1.82 ,2023-06-06 at 02:05AM,,,,,
"My helium wallet
9kPyXLKUX...6dsDwfmr",Scott Rice,0.42,HNT,$0.60 ,2023-06-06 at 02:04AM,,,,,
"My helium wallet
9kPyXLKUX...6dsDwfmr",Kesha Bailey,1.95,HNT,$2.77 ,2023-06-07 at 01:43AM,,,,,
"My helium wallet
9kPyXLKUX...6dsDwfmr",Bryan Nicholson,6369.16,IOT,$1.78 ,2023-06-06 at 02:10AM,,,,,
"My helium wallet
9kPyXLKUX...6dsDwfmr",Brad Ruggles,0.35,HNT,$0.50 ,2023-06-06 at 02:10AM,,,,,
"My helium wallet
9kPyXLKUX...6dsDwfmr",Doug Brannies,1.31,HNT,$1.86 ,2023-06-06 at 02:10AM,,,,,
"My helium wallet
9kPyXLKUX...6dsDwfmr",Dan Cole,0.12,HNT,$0.17 ,2023-06-06 at 02:09AM,,,,,
"My helium wallet
9kPyXLKUX...6dsDwfmr",Jason Ruggles,0.50,HNT,$0.71 ,2023-06-06 at 02:08AM,,,,,
"My helium wallet
9kPyXLKUX...6dsDwfmr",Lindsey Lopez,1.13,HNT,$1.60 ,2023-06-06 at 02:08AM,,,,,
"My helium wallet
9kPyXLKUX...6dsDwfmr",Adam Van Bibber,1.59,HNT,$2.26 ,2023-06-06 at 02:07AM,,,,,
"My helium wallet
9kPyXLKUX...6dsDwfmr",Kevin Conrad,0.12,HNT,$0.17 ,2023-06-06 at 02:07AM,,,,,
"My helium wallet
9kPyXLKUX...6dsDwfmr",Dan Chiarella,1.68,HNT,$2.39 ,2023-06-06 at 02:06AM,,,,,
"My helium wallet
9kPyXLKUX...6dsDwfmr",Scott Boas,1.19,HNT,$1.69 ,2023-06-06 at 02:06AM,,,,,
"My helium wallet
9kPyXLKUX...6dsDwfmr",Cathy Davis,0.06,HNT,$0.09 ,2023-06-06 at 02:05AM,,,,,
"My helium wallet
9kPyXLKUX...6dsDwfmr",Paul Robison,0.92,HNT,$1.31 ,2023-06-06 at 02:05AM,,,,,
"My helium wallet
9kPyXLKUX...6dsDwfmr",Robert Orr,1.28,HNT,$1.82 ,2023-06-06 at 02:05AM,,,,,
"My helium wallet
9kPyXLKUX...6dsDwfmr",Scott Rice,0.42,HNT,$0.60 ,2023-06-06 at 02:04AM,,,,,
"My helium wallet
9kPyXLKUX...6dsDwfmr",Bryan Nicholson,0.21,HNT,$0.33 ,2023-05-12 at 12:48PM,,,,,
"My helium wallet
9kPyXLKUX...6dsDwfmr",Bryan Nicholson,2664.92,IOT,,2023-05-12 at 12:47PM,,,,,
"My helium wallet
9kPyXLKUX...6dsDwfmr",Doug Brannies,14.48,HNT,$22.88 ,2023-05-12 at 12:26PM,,,,,
"My helium wallet
9kPyXLKUX...6dsDwfmr",Dan Cole,3.05,HNT,$4.82 ,2023-05-11 at 08:17PM,,,,,
"My helium wallet
9kPyXLKUX...6dsDwfmr",Kesha Bailey,0.37,HNT,$0.58 ,2023-05-04 at 03:57PM,,,,,
"My helium wallet
9kPyXLKUX...6dsDwfmr",Kesha Bailey,2.08,HNT,$3.29 ,2023-05-04 at 12:37PM,,,,,
"My helium wallet
9kPyXLKUX...6dsDwfmr",Brad Ruggles,0.75,HNT,$1.19 ,2023-05-04 at 04:41AM,,,,,
"My helium wallet
9kPyXLKUX...6dsDwfmr",Jason Ruggles,1.09,HNT,$1.72 ,2023-05-04 at 04:41AM,,,,,
"My helium wallet
9kPyXLKUX...6dsDwfmr",Lindsey Lopez,1.96,HNT,$3.10 ,2023-05-04 at 04:40AM,,,,,
"My helium wallet
9kPyXLKUX...6dsDwfmr",Adam Van Bibber,2.83,HNT,$4.47 ,2023-05-04 at 04:40AM,,,,,
"My helium wallet
9kPyXLKUX...6dsDwfmr",Kevin Conrad,0.30,HNT,$0.47 ,2023-05-04 at 04:40AM,,,,,
"My helium wallet
9kPyXLKUX...6dsDwfmr",Dan Chiarella,3.16,HNT,$4.99 ,2023-05-04 at 04:39AM,,,,,
"My helium wallet
9kPyXLKUX...6dsDwfmr",Scott Boas,2.39,HNT,$3.78 ,2023-05-04 at 04:39AM,,,,,
"My helium wallet
9kPyXLKUX...6dsDwfmr",Robert Orr\,1.59,HNT,$2.51 ,2023-05-04 at 04:38AM,,,,,
"My helium wallet
9kPyXLKUX...6dsDwfmr",Paul Robison,1.05,HNT,$1.66 ,2023-05-04 at 04:37AM,,,,,
"My helium wallet
9kPyXLKUX...6dsDwfmr",Scott Rice,1.17,HNT,$1.85 ,2023-05-04 at 12:39AM,,,,,
"My helium wallet
9kPyXLKUX...6dsDwfmr",Cathy Davis,0.22,HNT,$0.35 ,2023-05-03 at 12:52AM,,,,,
"My helium wallet
9kPyXLKUX...6dsDwfmr",Bryan Nicholson,0.21,HNT,$0.33 ,2023-05-12 at 12:48PM,,,,,
"My helium wallet
9kPyXLKUX...6dsDwfmr",Bryan Nicholson,2664.92,IOT,$1.31 ,2023-05-12 at 12:47PM,,,,,
"My helium wallet
9kPyXLKUX...6dsDwfmr",Doug Brannies,14.48,HNT,$22.88 ,2023-05-12 at 12:26PM,,,,,
"My helium wallet
9kPyXLKUX...6dsDwfmr",Dan Cole,3.05,HNT,$4.82 ,2023-05-11 at 08:17PM,,,,,
"My helium wallet
9kPyXLKUX...6dsDwfmr",Kesha Bailey,0.37,HNT,$0.58 ,2023-05-04 at 03:57PM,,,,,
"My helium wallet
9kPyXLKUX...6dsDwfmr",Kesha Bailey,2.08,HNT,$3.29 ,2023-05-04 at 12:37PM,,,,,
"My helium wallet
9kPyXLKUX...6dsDwfmr",Brad Ruggles,0.75,HNT,$1.19 ,2023-05-04 at 04:41AM,,,,,
"My helium wallet
9kPyXLKUX...6dsDwfmr",Jason Ruggles,1.09,HNT,$1.72 ,2023-05-04 at 04:41AM,,,,,
"My helium wallet
9kPyXLKUX...6dsDwfmr",Lindsey Lopez,1.96,HNT,$3.10 ,2023-05-04 at 04:40AM,,,,,
"My helium wallet
9kPyXLKUX...6dsDwfmr",Adam Van Bibber,2.83,HNT,$4.47 ,2023-05-04 at 04:40AM,,,,,
"My helium wallet
9kPyXLKUX...6dsDwfmr",Kevin Conrad,0.30,HNT,$0.47 ,2023-05-04 at 04:40AM,,,,,
"My helium wallet
9kPyXLKUX...6dsDwfmr",Dan Chiarella,3.16,HNT,$4.99 ,2023-05-04 at 04:39AM,,,,,
"My helium wallet
9kPyXLKUX...6dsDwfmr",Scott Boas,2.39,HNT,$3.78 ,2023-05-04 at 04:39AM,,,,,
"My helium wallet
9kPyXLKUX...6dsDwfmr",Robert Orr,1.59,HNT,$2.51 ,2023-05-04 at 04:38AM,,,,,
"My helium wallet
9kPyXLKUX...6dsDwfmr",Paul Robison,1.05,HNT,$1.66 ,2023-05-04 at 04:37AM,,,,,
"My helium wallet
9kPyXLKUX...6dsDwfmr",Scott Rice,1.17,HNT,$1.85 ,2023-05-04 at 12:39AM,,,,,
"My helium wallet
9kPyXLKUX...6dsDwfmr",Cathy Davis,0.22,HNT,$0.35 ,2023-05-03 at 12:52AM,,,,,
13vzQ4qth...WwcVfJNJ,Scott Boas,1.80,HNT,$2.47 ,2023-04-05 at 02:58AM,,,,,
13vzQ4qth...WwcVfJNJ,Cathy Davis,0.09,HNT,$0.12 ,2023-04-05 at 02:58AM,,,,,
13vzQ4qth...WwcVfJNJ,Lindsey Lopez,1.71,HNT,$2.34 ,2023-04-05 at 02:58AM,,,,,
13vzQ4qth...WwcVfJNJ,Dan Chiarella,2.57,HNT,$3.52 ,2023-04-05 at 02:58AM,,,,,
13vzQ4qth...WwcVfJNJ,Matt Gaylor,3.74,HNT,$5.12 ,2023-04-05 at 02:58AM,,,,,
13vzQ4qth...WwcVfJNJ,Kevin Conrad,0.15,HNT,$0.21 ,2023-04-05 at 02:58AM,,,,,
13vzQ4qth...WwcVfJNJ,Adam Van Bibber,2.24,HNT,$3.07 ,2023-04-05 at 02:58AM,,,,,
13vzQ4qth...WwcVfJNJ,Jason Ruggles,0.87,HNT,$1.19 ,2023-04-05 at 02:58AM,,,,,
13vzQ4qth...WwcVfJNJ,Dakota Chiarella,1.55,HNT,$2.12 ,2023-04-05 at 02:58AM,,,,,
13vzQ4qth...WwcVfJNJ,Brad Ruggles,0.59,HNT,$0.81 ,2023-04-05 at 02:58AM,,,,,
13vzQ4qth...WwcVfJNJ,Scott Rice,1.22,HNT,$1.67 ,2023-04-05 at 02:58AM,,,,,
13vzQ4qth...WwcVfJNJ,Cathy Davis,0.50,HNT,$1.21 ,2023-03-19 at 01:12AM,,,,,
13vzQ4qth...WwcVfJNJ,Scott Rice,1.21,HNT,$2.92 ,2023-03-05 at 02:02AM,,,,,
13vzQ4qth...WwcVfJNJ,Brad Ruggles,0.64,HNT,$1.54 ,2023-03-05 at 02:02AM,,,,,
13vzQ4qth...WwcVfJNJ,Lindsey Lopez,1.75,HNT,$4.22 ,2023-03-05 at 02:01AM,,,,,
13vzQ4qth...WwcVfJNJ,Dakota Chiarella,1.14,HNT,$2.75 ,2023-03-05 at 02:01AM,,,,,
13vzQ4qth...WwcVfJNJ,Adam Van Bibber,2.86,HNT,$6.89 ,2023-03-05 at 02:01AM,,,,,
13vzQ4qth...WwcVfJNJ,Dan Chiarella,2.98,HNT,$7.18 ,2023-03-05 at 02:00AM,,,,,
13vzQ4qth...WwcVfJNJ,Scott Boas,2.30,HNT,$5.54 ,2023-03-05 at 01:55AM,,,,,
13vzQ4qth...WwcVfJNJ,Matt Gaylor,4.47,HNT,$10.77 ,2023-03-05 at 01:51AM,,,,,
